{
    "global": {
        "defaultCurrency": "EUR",
        "routes": {
            "home": "/",
            "hammam": "/hamam-rituelleri/",
            "massages": "/masajlar/",
            "classic": "/masajlar/klasik-masajlar/",
            "sports": "/masajlar/spor-terapi-masajlari/",
            "asian": "/masajlar/asya-masajlari/",
            "ayurveda": "/masajlar/ayurveda-rituelleri/",
            "signature": "/signature-couples/",
            "kids": "/kids-family/",
            "face": "/face-sothys/",
            "products": "/urunler/",
            "about": "/hakkimizda/",
            "team": "/ekibimiz/",
            "booking": "/rezervasyon/"
        },
        "navModel": [
            {
                "key": "home",
                "route": "home",
                "sectionKey": "home"
            },
            {
                "key": "hammam",
                "route": "hammam",
                "sectionKey": "hammam",
                "categoryId": "hammam"
            },
            {
                "key": "massages",
                "route": "massages",
                "sectionKey": "massages",
                "categoryId": "massages",
                "children": [
                    {
                        "key": "classicMassages",
                        "route": "classic",
                        "sectionKey": "services",
                        "categoryId": "classicMassages"
                    },
                    {
                        "key": "sportsTherapy",
                        "route": "sports",
                        "sectionKey": "services",
                        "categoryId": "sportsTherapy"
                    },
                    {
                        "key": "asianMassages",
                        "route": "asian",
                        "sectionKey": "services",
                        "categoryId": "asianMassages"
                    },
                    {
                        "key": "ayurveda",
                        "route": "ayurveda",
                        "sectionKey": "services",
                        "categoryId": "ayurveda"
                    }
                ]
            },
            {
                "key": "signatureCouples",
                "route": "signature",
                "sectionKey": "services",
                "categoryId": "signatureCouples"
            },
            {
                "key": "kidsFamily",
                "route": "kids",
                "sectionKey": "services",
                "categoryId": "kidsFamily"
            },
            {
                "key": "faceSothys",
                "route": "face",
                "sectionKey": "services",
                "categoryId": "faceSothys"
            },
            {
                "key": "products",
                "route": "products",
                "sectionKey": "products",
                "categoryId": "products"
            },
            {
                "key": "about",
                "route": "about",
                "sectionKey": "about"
            },
            {
                "key": "team",
                "route": "team",
                "sectionKey": "team"
            },
            {
                "key": "bookingWhatsapp",
                "route": "booking",
                "sectionKey": "booking"
            }
        ],
        "hotels": [
            {
                "slug": "alba-resort",
                "hero_image": "/images/alba-resort.jpg",
                "translations": {
                    "tr": {
                        "name": "Alba Resort Hotel",
                        "location": "Çolaklı / Side, Antalya",
                        "description": "Side sahilinde geleneksel hamam ritüelleri, terapi masajları ve yenileyici bakım deneyimi.",
                        "top3": [
                            "Geleneksel Türk Hamamı",
                            "Çiftler için Signature Masajı",
                            "Derin Doku / Spor Masajı"
                        ]
                    },
                    "en": {
                        "name": "Alba Resort Hotel",
                        "location": "Çolaklı / Side, Antalya",
                        "description": "Experience authentic Turkish bath rituals, therapy massages, and rejuvenating care on the Side coast.",
                        "top3": [
                            "Traditional Turkish Hammam",
                            "Signature Couples Massage",
                            "Deep Tissue / Sports Massage"
                        ]
                    },
                    "de": {
                        "name": "Alba Resort Hotel",
                        "location": "Çolaklı / Side, Antalya",
                        "description": "Authentische türkische Hammam-Rituale, therapeutische Massagen und regenerierende Behandlungen an der Küste von Side.",
                        "top3": [
                            "Traditionelles Türkisches Hammam",
                            "Signature Paarmassage",
                            "Tiefengewebs- / Sportmassage"
                        ]
                    },
                    "fr": {
                        "name": "Alba Resort Hotel",
                        "location": "Çolaklı / Side, Antalya",
                        "description": "Rituels de hammam turc, massages thérapeutiques et soins revitalisants sur la côte de Side.",
                        "top3": [
                            "Hammam turc traditionnel",
                            "Massage Signature en couple",
                            "Massage profond / sportif"
                        ]
                    },
                    "ru": {
                        "name": "Alba Resort Hotel",
                        "location": "Чолаклы / Сиде, Анталья",
                        "description": "Традиционные хаммам-ритуалы, терапевтические массажи и омолаживающие процедуры на побережье Сиде.",
                        "top3": [
                            "Традиционный турецкий хаммам",
                            "Парный массаж Signature",
                            "Глубокотканный / спортивный массаж"
                        ]
                    }
                },
                "featuredServices": [
                    "hammam_traditional_ritual",
                    "couples_signature",
                    "deep_tissue"
                ]
            },
            {
                "slug": "alba-queen",
                "hero_image": "/images/alba-queen.jpg",
                "translations": {
                    "tr": {
                        "name": "Alba Queen Hotel",
                        "location": "Çolaklı / Side, Antalya",
                        "description": "Premium spa konseptinde kişiselleştirilmiş masajlar ve rahatlatıcı hamam deneyimi.",
                        "top3": [
                            "Geleneksel Türk Hamamı",
                            "Çiftler için Signature Masajı",
                            "Derin Doku / Spor Masajı"
                        ]
                    },
                    "en": {
                        "name": "Alba Queen Hotel",
                        "location": "Çolaklı / Side, Antalya",
                        "description": "Premium spa concept offering personalized massages and relaxing hammam experiences.",
                        "top3": [
                            "Traditional Turkish Hammam",
                            "Signature Couples Massage",
                            "Deep Tissue / Sports Massage"
                        ]
                    },
                    "de": {
                        "name": "Alba Queen Hotel",
                        "location": "Çolaklı / Side, Antalya",
                        "description": "Premium-Spa-Konzept mit personalisierten Massagen und entspannenden Hammam-Erlebnissen.",
                        "top3": [
                            "Traditionelles Türkisches Hammam",
                            "Signature Paarmassage",
                            "Tiefengewebs- / Sportmassage"
                        ]
                    },
                    "fr": {
                        "name": "Alba Queen Hotel",
                        "location": "Çolaklı / Side, Antalya",
                        "description": "Concept spa premium avec massages personnalisés et expérience hammam relaxante.",
                        "top3": [
                            "Hammam turc traditionnel",
                            "Massage Signature en couple",
                            "Massage profond / sportif"
                        ]
                    },
                    "ru": {
                        "name": "Alba Queen Hotel",
                        "location": "Чолаклы / Сиде, Анталья",
                        "description": "Премиум SPA-концепция с индивидуальными массажами и расслабляющим опытом хаммама.",
                        "top3": [
                            "Традиционный турецкий хаммам",
                            "Парный массаж Signature",
                            "Глубокотканный / спортивный массаж"
                        ]
                    }
                },
                "featuredServices": [
                    "hammam_traditional_ritual",
                    "couples_signature",
                    "deep_tissue"
                ]
            },
            {
                "slug": "alba-royal",
                "hero_image": "/images/alba-royal.jpg",
                "translations": {
                    "tr": {
                        "name": "Alba Royal Hotel",
                        "location": "Çolaklı / Side, Antalya",
                        "description": "Sakin atmosferiyle hamam, masaj ve yüz bakımlarında huzurlu bir spa deneyimi.",
                        "top3": [
                            "Geleneksel Türk Hamamı",
                            "Çiftler için Signature Masajı",
                            "Derin Doku / Spor Masajı"
                        ]
                    },
                    "en": {
                        "name": "Alba Royal Hotel",
                        "location": "Çolaklı / Side, Antalya",
                        "description": "Calm atmosphere offering hammam, massage, and facial care for a peaceful spa experience.",
                        "top3": [
                            "Traditional Turkish Hammam",
                            "Signature Couples Massage",
                            "Deep Tissue / Sports Massage"
                        ]
                    },
                    "de": {
                        "name": "Alba Royal Hotel",
                        "location": "Çolaklı / Side, Antalya",
                        "description": "Ruhige Atmosphäre mit Hammam, Massage und Gesichtsbehandlungen für ein entspanntes Spa-Erlebnis.",
                        "top3": [
                            "Traditionelles Türkisches Hammam",
                            "Signature Paarmassage",
                            "Tiefengewebs- / Sportmassage"
                        ]
                    },
                    "fr": {
                        "name": "Alba Royal Hotel",
                        "location": "Çolaklı / Side, Antalya",
                        "description": "Ambiance apaisante offrant hammam, massages et soins du visage pour une expérience spa sereine.",
                        "top3": [
                            "Hammam turc traditionnel",
                            "Massage Signature en couple",
                            "Massage profond / sportif"
                        ]
                    },
                    "ru": {
                        "name": "Alba Royal Hotel",
                        "location": "Чолаклы / Сиде, Анталья",
                        "description": "Спокойная атмосфера, хаммам, массаж и уход за лицом для полного релакса.",
                        "top3": [
                            "Традиционный турецкий хаммам",
                            "Парный массаж Signature",
                            "Глубокотканный / спортивный массаж"
                        ]
                    }
                },
                "featuredServices": [
                    "hammam_traditional_ritual",
                    "couples_signature",
                    "deep_tissue"
                ]
            },
            {
                "slug": "iberostar-bellevue",
                "hero_image": "/images/iberostar.jpg",
                "translations": {
                    "tr": {
                        "name": "Iberostar Waves Bellevue",
                        "location": "Bečići / Budva, Karadağ",
                        "description": "Adriyatik kıyısında, tatilin ritmini tamamlayan spa ritüelleri ve masajlarla iyi hissetme deneyimi.",
                        "top3": [
                            "Geleneksel Türk Hamamı",
                            "Çiftler için Signature Masajı",
                            "Derin Doku / Spor Masajı"
                        ]
                    },
                    "en": {
                        "name": "Iberostar Waves Bellevue",
                        "location": "Bečići / Budva, Montenegro",
                        "description": "On the Adriatic coast, enjoy spa rituals and massages that complete your holiday rhythm.",
                        "top3": [
                            "Traditional Turkish Hammam",
                            "Signature Couples Massage",
                            "Deep Tissue / Sports Massage"
                        ]
                    },
                    "de": {
                        "name": "Iberostar Waves Bellevue",
                        "location": "Bečići / Budva, Montenegro",
                        "description": "An der Adriaküste – Spa-Rituale und Massagen, die Ihren Urlaub perfekt ergänzen.",
                        "top3": [
                            "Traditionelles Türkisches Hammam",
                            "Signature Paarmassage",
                            "Tiefengewebs- / Sportmassage"
                        ]
                    },
                    "fr": {
                        "name": "Iberostar Waves Bellevue",
                        "location": "Bečići / Budva, Monténégro",
                        "description": "Sur la côte adriatique, rituels spa et massages pour compléter le rythme de vos vacances.",
                        "top3": [
                            "Hammam turc traditionnel",
                            "Massage Signature en couple",
                            "Massage profond / sportif"
                        ]
                    },
                    "ru": {
                        "name": "Iberostar Waves Bellevue",
                        "location": "Бечичи / Будва, Черногория",
                        "description": "На побережье Адриатики — спа-ритуалы и массажи, которые завершают ваш отдых.",
                        "top3": [
                            "Традиционный турецкий хаммам",
                            "Парный массаж Signature",
                            "Глубокотканный / спортивный массаж"
                        ]
                    }
                },
                "featuredServices": [
                    "hammam_traditional_ritual",
                    "couples_signature",
                    "deep_tissue"
                ]
            }
        ],
        "categories": [
            {
                "id": "hammam",
                "navKey": "nav.hammam",
                "sectionId": "cat-hammam",
                "descriptionKey": "categories.hammamDesc"
            },
            {
                "id": "massages",
                "navKey": "nav.massages",
                "sectionId": "cat-massages",
                "descriptionKey": "categories.massagesDesc"
            },
            {
                "id": "classicMassages",
                "navKey": "nav.classicMassages",
                "sectionId": "cat-classic",
                "descriptionKey": "categories.classicDesc"
            },
            {
                "id": "sportsTherapy",
                "navKey": "nav.sportsTherapy",
                "sectionId": "cat-sports",
                "descriptionKey": "categories.sportsDesc"
            },
            {
                "id": "asianMassages",
                "navKey": "nav.asianMassages",
                "sectionId": "cat-asian",
                "descriptionKey": "categories.asianDesc"
            },
            {
                "id": "ayurveda",
                "navKey": "nav.ayurveda",
                "sectionId": "cat-ayurveda",
                "descriptionKey": "categories.ayurvedaDesc"
            },
            {
                "id": "signatureCouples",
                "navKey": "nav.signatureCouples",
                "sectionId": "cat-signature",
                "descriptionKey": "categories.signatureDesc"
            },
            {
                "id": "kidsFamily",
                "navKey": "nav.kidsFamily",
                "sectionId": "cat-kids",
                "descriptionKey": "categories.kidsDesc"
            },
            {
                "id": "faceSothys",
                "navKey": "nav.faceSothys",
                "sectionId": "cat-face",
                "descriptionKey": "categories.faceDesc"
            },
            {
                "id": "products",
                "navKey": "nav.products",
                "sectionId": "cat-products",
                "descriptionKey": "categories.productsDesc"
            }
        ],
        "services": {
            "hammam_traditional_ritual": {
                "categoryId": "hammam",
                "name": {
                    "tr": "Geleneksel Hamam Ritüeli",
                    "en": "Traditional Hammam Ritual",
                    "de": "Traditionelles Hammam-Ritual",
                    "fr": "Rituel traditionnel du hammam",
                    "ru": "Традиционный ритуал хаммама"
                },
                "desc": {
                    "tr": "Arınma, ısı ve kese ile yenilenme.",
                    "en": "Purify and renew with heat and exfoliation.",
                    "de": "Reinigung und Erneuerung mit Wärme und Peeling.",
                    "fr": "Purification et renouveau par chaleur et gommage.",
                    "ru": "Очищение и обновление с теплом и пилингом."
                },
                "durationMin": 60,
                "price": 110,
                "currency": "EUR",
                "hotelSlugs": [
                    "alba-resort",
                    "alba-royal"
                ]
            },
            "hammam_foam": {
                "categoryId": "hammam",
                "name": {
                    "tr": "Köpük Masajı (Hamam)",
                    "en": "Foam Massage (Hammam)",
                    "de": "Schaummassage (Hammam)",
                    "fr": "Massage à la mousse (hammam)",
                    "ru": "Пенный массаж (хаммам)"
                },
                "desc": {
                    "tr": "Geleneksel köpükle rahatlatıcı masaj.",
                    "en": "Relaxing massage with traditional foam.",
                    "de": "Entspannende Massage mit traditionellem Schaum.",
                    "fr": "Massage relaxant à la mousse traditionnelle.",
                    "ru": "Расслабляющий массаж с традиционной пеной."
                },
                "durationMin": 45,
                "price": 85,
                "currency": "EUR",
                "hotelSlugs": [
                    "alba-royal"
                ]
            },
            "relax_aroma": {
                "categoryId": "classicMassages",
                "name": {
                    "tr": "Aromaterapi Rahatlama Masajı",
                    "en": "Aromatherapy Relax Massage",
                    "de": "Aromatherapie-Entspannungsmassage",
                    "fr": "Massage relaxation aromathérapie",
                    "ru": "Расслабляющий аромамассаж"
                },
                "desc": {
                    "tr": "Seçili aromalarla zihni ve bedeni sakinleştirir.",
                    "en": "Calms body and mind with selected aromas.",
                    "de": "Beruhigt Körper und Geist mit ausgewählten Aromen.",
                    "fr": "Apaise le corps et l’esprit avec des arômes choisis.",
                    "ru": "Успокаивает тело и ум с выбранными ароматами."
                },
                "durationMin": 60,
                "price": 120,
                "currency": "EUR",
                "hotelSlugs": [
                    "alba-resort",
                    "iberostar-bellevue"
                ]
            },
            "swedish_classic": {
                "categoryId": "classicMassages",
                "name": {
                    "tr": "Klasik İsveç Masajı",
                    "en": "Classic Swedish Massage",
                    "de": "Klassische Schwedische Massage",
                    "fr": "Massage suédois classique",
                    "ru": "Классический шведский массаж"
                },
                "desc": {
                    "tr": "Klasik tekniklerle genel rahatlama.",
                    "en": "Overall relaxation with classic techniques.",
                    "de": "Ganzkörper-Entspannung mit klassischen Techniken.",
                    "fr": "Relaxation générale avec techniques classiques.",
                    "ru": "Общее расслабление классическими техниками."
                },
                "durationMin": 50,
                "price": 105,
                "currency": "EUR",
                "hotelSlugs": [
                    "alba-resort",
                    "alba-royal"
                ]
            },
            "deep_tissue": {
                "categoryId": "sportsTherapy",
                "name": {
                    "tr": "Derin Doku (Deep Tissue) Masajı",
                    "en": "Deep Tissue Massage",
                    "de": "Tiefengewebsmassage",
                    "fr": "Massage des tissus profonds",
                    "ru": "Глубокотканный массаж"
                },
                "desc": {
                    "tr": "Kas gerginliğini azaltmaya odaklı terapi.",
                    "en": "Therapy-focused for reducing muscle tension.",
                    "de": "Therapie zur Reduzierung von Muskelverspannungen.",
                    "fr": "Thérapie ciblée pour réduire les tensions musculaires.",
                    "ru": "Терапия для снятия мышечного напряжения."
                },
                "durationMin": 60,
                "price": 140,
                "currency": "EUR",
                "hotelSlugs": [
                    "alba-queen",
                    "iberostar-bellevue"
                ]
            },
            "sports_recovery": {
                "categoryId": "sportsTherapy",
                "name": {
                    "tr": "Spor Recovery Masajı",
                    "en": "Sports Recovery Massage",
                    "de": "Sport-Recovery-Massage",
                    "fr": "Massage de récupération sportive",
                    "ru": "Спортивный восстановительный массаж"
                },
                "desc": {
                    "tr": "Antrenman sonrası toparlanmaya yardımcı olur.",
                    "en": "Supports post-workout recovery.",
                    "de": "Unterstützt die Regeneration nach dem Training.",
                    "fr": "Aide à la récupération après l’effort.",
                    "ru": "Помогает восстановлению после нагрузки."
                },
                "durationMin": 60,
                "price": 135,
                "currency": "EUR",
                "hotelSlugs": [
                    "alba-royal"
                ]
            },
            "thai_traditional": {
                "categoryId": "asianMassages",
                "name": {
                    "tr": "Geleneksel Thai Masajı",
                    "en": "Traditional Thai Massage",
                    "de": "Traditionelle Thai-Massage",
                    "fr": "Massage thaï traditionnel",
                    "ru": "Традиционный тайский массаж"
                },
                "desc": {
                    "tr": "Esneme ve baskı teknikleriyle enerji dengesi.",
                    "en": "Balance energy with stretches and pressure techniques.",
                    "de": "Energieausgleich durch Dehnung und Drucktechniken.",
                    "fr": "Équilibre énergétique par étirements et pressions.",
                    "ru": "Баланс энергии через растяжку и давление."
                },
                "durationMin": 60,
                "price": 130,
                "currency": "EUR",
                "hotelSlugs": [
                    "alba-queen"
                ]
            },
            "balinese": {
                "categoryId": "asianMassages",
                "name": {
                    "tr": "Bali Masajı",
                    "en": "Balinese Massage",
                    "de": "Balinesische Massage",
                    "fr": "Massage balinais",
                    "ru": "Балийский массаж"
                },
                "desc": {
                    "tr": "Rahatlatıcı ritim ve akışkan dokunuşlar.",
                    "en": "Relaxing rhythm with flowing techniques.",
                    "de": "Entspannender Rhythmus mit fließenden Techniken.",
                    "fr": "Rythme relaxant et gestes fluides.",
                    "ru": "Расслабляющий ритм и плавные техники."
                },
                "durationMin": 60,
                "price": 125,
                "currency": "EUR",
                "hotelSlugs": [
                    "iberostar-bellevue"
                ]
            },
            "ayurveda_abhyanga": {
                "categoryId": "ayurveda",
                "name": {
                    "tr": "Abhyanga Ayurveda Masajı",
                    "en": "Abhyanga Ayurveda Massage",
                    "de": "Abhyanga Ayurveda-Massage",
                    "fr": "Massage ayurvédique Abhyanga",
                    "ru": "Аюрведический массаж Абхьянга"
                },
                "desc": {
                    "tr": "Sıcak yağlarla bütünsel denge ve rahatlama.",
                    "en": "Holistic balance and relaxation with warm oils.",
                    "de": "Ganzheitliche Balance und Entspannung mit warmen Ölen.",
                    "fr": "Équilibre et détente holistiques avec huiles chaudes.",
                    "ru": "Целостный баланс и расслабление с тёплыми маслами."
                },
                "durationMin": 75,
                "price": 160,
                "currency": "EUR",
                "hotelSlugs": [
                    "alba-royal"
                ]
            },
            "shirodhara": {
                "categoryId": "ayurveda",
                "name": {
                    "tr": "Shirodhara Ritüeli",
                    "en": "Shirodhara Ritual",
                    "de": "Shirodhara-Ritual",
                    "fr": "Rituel Shirodhara",
                    "ru": "Ритуал Широдхара"
                },
                "desc": {
                    "tr": "Zihni sakinleştiren özel Ayurveda ritüeli.",
                    "en": "A signature Ayurveda ritual to calm the mind.",
                    "de": "Ein Ayurveda-Signaturritual zur Beruhigung des Geistes.",
                    "fr": "Un rituel ayurvédique signature pour apaiser l’esprit.",
                    "ru": "Фирменный аюрведический ритуал для спокойствия ума."
                },
                "durationMin": 60,
                "price": 170,
                "currency": "EUR",
                "hotelSlugs": [
                    "alba-royal"
                ]
            },
            "couples_signature": {
                "categoryId": "signatureCouples",
                "name": {
                    "tr": "Signature Couples Masajı",
                    "en": "Signature Couples Massage",
                    "de": "Signature-Paarmassage",
                    "fr": "Massage signature en duo",
                    "ru": "Авторский массаж для пары"
                },
                "desc": {
                    "tr": "Çiftlere özel senkronize imza deneyimi.",
                    "en": "A synchronized signature experience for couples.",
                    "de": "Ein synchrones Signature-Erlebnis für Paare.",
                    "fr": "Une expérience signature synchronisée pour les couples.",
                    "ru": "Синхронный фирменный опыт для пар."
                },
                "durationMin": 60,
                "price": 180,
                "currency": "EUR",
                "hotelSlugs": [
                    "alba-resort",
                    "alba-queen"
                ]
            },
            "santis_signature": {
                "categoryId": "signatureCouples",
                "name": {
                    "tr": "Santis Signature Masajı",
                    "en": "Santis Signature Massage",
                    "de": "Santis Signature-Massage",
                    "fr": "Massage signature Santis",
                    "ru": "Фирменный массаж Santis"
                },
                "desc": {
                    "tr": "Santis dokunuşuyla ritimli, premium masaj.",
                    "en": "Premium, rhythmic massage with the Santis touch.",
                    "de": "Premium-Rhythmusmassage mit Santis-Touch.",
                    "fr": "Massage premium et rythmé avec la touche Santis.",
                    "ru": "Премиальный ритмичный массаж с почерком Santis."
                },
                "durationMin": 60,
                "price": 150,
                "currency": "EUR",
                "hotelSlugs": [
                    "alba-queen",
                    "iberostar-bellevue"
                ]
            },
            "kids_choco_massage": {
                "categoryId": "kidsFamily",
                "name": {
                    "tr": "Kids Çikolata Masajı",
                    "en": "Kids Chocolate Massage",
                    "de": "Kinder-Schokoladenmassage",
                    "fr": "Massage chocolat pour enfants",
                    "ru": "Детский шоколадный массаж"
                },
                "desc": {
                    "tr": "Çocuklara uygun, hafif ve eğlenceli masaj.",
                    "en": "A gentle, fun massage designed for kids.",
                    "de": "Sanfte, spielerische Massage für Kinder.",
                    "fr": "Massage doux et ludique pour enfants.",
                    "ru": "Мягкий и приятный массаж для детей."
                },
                "durationMin": 30,
                "price": 65,
                "currency": "EUR",
                "hotelSlugs": [
                    "alba-resort",
                    "alba-queen"
                ]
            },
            "face_sothys_hydra": {
                "categoryId": "faceSothys",
                "name": {
                    "tr": "Sothys Nem Terapisi (Yüz)",
                    "en": "Sothys Hydra Facial",
                    "de": "Sothys Hydra-Gesichtsbehandlung",
                    "fr": "Soin visage hydratant Sothys",
                    "ru": "Увлажняющий уход Sothys"
                },
                "desc": {
                    "tr": "Yoğun nem ve tazelik etkisi.",
                    "en": "Intense hydration and freshness.",
                    "de": "Intensive Feuchtigkeit und Frische.",
                    "fr": "Hydratation intense et fraîcheur.",
                    "ru": "Интенсивное увлажнение и свежесть."
                },
                "durationMin": 50,
                "price": 125,
                "currency": "EUR",
                "hotelSlugs": [
                    "alba-resort",
                    "iberostar-bellevue"
                ]
            },
            "face_sothys_glow": {
                "categoryId": "faceSothys",
                "name": {
                    "tr": "Sothys Glow Bakımı (Yüz)",
                    "en": "Sothys Glow Facial",
                    "de": "Sothys Glow-Gesichtsbehandlung",
                    "fr": "Soin éclat Sothys",
                    "ru": "Сияющий уход Sothys"
                },
                "desc": {
                    "tr": "Işıltı ve canlı görünüm için profesyonel bakım.",
                    "en": "A professional treatment for radiance and vitality.",
                    "de": "Professionelle Behandlung für Ausstrahlung und Vitalität.",
                    "fr": "Soin professionnel pour l’éclat et la vitalité.",
                    "ru": "Профессиональный уход для сияния и тонуса."
                },
                "durationMin": 50,
                "price": 135,
                "currency": "EUR",
                "hotelSlugs": [
                    "alba-queen"
                ]
            },
            "sothys_radiance": {
                "id": "sothys_radiance",
                "slug": "sothys-organics-radiance",
                "duration": 30,
                "badge": "express",
                "name": {
                    "tr": "Sothys Organics® Işıltı Bakımı",
                    "en": "Sothys Organics® Organic Certified Radiance Treatment",
                    "de": "Sothys Organics® Bio-Radiance Behandlung",
                    "fr": "Sothys Organics® Soin éclat certifié bio",
                    "ru": "Sothys Organics® Органический уход «Сияние»"
                },
                "desc": {
                    "tr": "Anında ışıltı. Tüm cilt tipleri (hassas dahil).",
                    "en": "Instant radiance. All skin types (even sensitive).",
                    "de": "Sofortiger Glow. Für alle Hauttypen (auch sensibel).",
                    "fr": "Éclat immédiat. Tous types de peau (même sensibles).",
                    "ru": "Мгновенное сияние. Для всех типов кожи (включая чувствительную)."
                },
                "content": {},
                "categoryId": "faceSothys",
                "hotelSlugs": [
                    "alba-resort",
                    "alba-royal",
                    "alba-queen",
                    "iberostar-bellevue"
                ],
                "price": 0,
                "currency": "EUR"
            },
            "sothys_seasonal": {
                "id": "sothys_seasonal",
                "slug": "sothys-seasonal",
                "duration": 45,
                "name": {
                    "tr": "Sothys Seasonal Oksijenlendirici Bakım",
                    "en": "Sothys Seasonal Oxygenating Treatment",
                    "de": "Sothys Seasonal Oxygenating Behandlung",
                    "fr": "Sothys Soin saisonnier oxygénant",
                    "ru": "Sothys Сезонный кислородный уход"
                },
                "desc": {
                    "tr": "Mevsimsel canlandırma: peeling + maske + rahatlatıcı modelaj.",
                    "en": "Seasonal boost: exfoliation + mask + relaxing modelling.",
                    "de": "Saisonaler Boost: Peeling + Maske + entspannende Modellage.",
                    "fr": "Boost saisonnier : gommage + masque + modelage relaxant.",
                    "ru": "Сезонное обновление: пилинг + маска + расслабляющий массаж."
                },
                "content": {},
                "categoryId": "faceSothys",
                "hotelSlugs": [
                    "alba-resort",
                    "alba-royal",
                    "alba-queen",
                    "iberostar-bellevue"
                ],
                "price": 0,
                "currency": "EUR"
            },
            "sothys_soothing_spa": {
                "id": "sothys_soothing_spa",
                "slug": "sothys-soothing",
                "duration": 50,
                "name": {
                    "tr": "Spa™ Termal Su ile Yatıştırıcı Bakım",
                    "en": "Soothing Professional Treatment with Spa™ Thermal Water",
                    "de": "Beruhigende Profi-Behandlung mit Spa™ Thermalwasser",
                    "fr": "Soin professionnel apaisant à l’Eau Thermale Spa™",
                    "ru": "Успокаивающий профессиональный уход со Spa™ термальной водой"
                },
                "desc": {
                    "tr": "Konfor ve sakinlik odaklı; hassasiyete nazik yaklaşım.",
                    "en": "Comfort & calm—gentle care for sensitive skin.",
                    "de": "Komfort & Ruhe—sanfte Pflege für sensible Haut.",
                    "fr": "Confort & apaisement—pour peaux sensibles.",
                    "ru": "Комфорт и успокоение — деликатный уход для чувствительной кожи."
                },
                "content": {},
                "categoryId": "faceSothys",
                "hotelSlugs": [
                    "alba-resort",
                    "alba-royal",
                    "alba-queen",
                    "iberostar-bellevue"
                ],
                "price": 0,
                "currency": "EUR"
            },
            "sothys_cryo_eye": {
                "id": "sothys_cryo_eye",
                "slug": "sothys-cryo-eye",
                "duration": 45,
                "name": {
                    "tr": "Sothys Cryo Eye Profesyonel Göz Bakımı",
                    "en": "Sothys Cryo Eye Professional Treatment",
                    "de": "Sothys Cryo Eye Profi-Augenbehandlung",
                    "fr": "Sothys Soin professionnel Cryo Yeux",
                    "ru": "Sothys Профессиональный Cryo-уход для глаз"
                },
                "desc": {
                    "tr": "Göz çevresinde ferahlık ve daha dinlenmiş görünüm.",
                    "en": "Refreshing eye contour for a rested look.",
                    "de": "Erfrischte Augenpartie für einen wachen Blick.",
                    "fr": "Contour des yeux rafraîchi, regard reposé.",
                    "ru": "Освежает область вокруг глаз для отдохнувшего вида."
                },
                "content": {},
                "categoryId": "faceSothys",
                "hotelSlugs": [
                    "alba-resort",
                    "alba-royal",
                    "alba-queen",
                    "iberostar-bellevue"
                ],
                "price": 0,
                "currency": "EUR"
            },
            "sothys_hydra_new": {
                "id": "sothys_hydra_new",
                "slug": "sothys-hydra-ha4",
                "duration": 75,
                "name": {
                    "tr": "Hydra Hyaluronic Acid4 (Yoğun Nem Bakımı)",
                    "en": "Hydrating Intensive Treatment (Hydra Hyaluronic Acid4)",
                    "de": "Hydrating Intensive Behandlung (Hydra Hyaluronic Acid4)",
                    "fr": "Soin intensif hydratant (Hydra Hyaluronic Acid4)",
                    "ru": "Интенсивное увлажнение (Hydra Hyaluronic Acid4)"
                },
                "desc": {
                    "tr": "6 aşamalı yoğun nem; dolgunluk ve tazelik hissi.",
                    "en": "6-step intensive hydration; plumped, fresh-feeling skin.",
                    "de": "6 Schritte intensive Hydration; pralle, frische Haut.",
                    "fr": "Hydratation intensive en 6 étapes; peau repulpée.",
                    "ru": "6 этапов интенсивного увлажнения; ощущение наполненности."
                },
                "content": {},
                "categoryId": "faceSothys",
                "hotelSlugs": [
                    "alba-resort",
                    "alba-royal",
                    "alba-queen",
                    "iberostar-bellevue"
                ],
                "price": 0,
                "currency": "EUR"
            },
            "sothys_detox_new": {
                "id": "sothys_detox_new",
                "slug": "sothys-detox-energie",
                "duration": 75,
                "name": {
                    "tr": "Detox Energie™ Yoğun Bakım",
                    "en": "Detox Energie™ Intensive Treatment",
                    "de": "Detox Energie™ Intensive Behandlung",
                    "fr": "Soin intensif Detox Energie™",
                    "ru": "Detox Energie™ Интенсивный уход"
                },
                "desc": {
                    "tr": "Enerji desteği ve ‘depolluted’ görünüm odağı.",
                    "en": "Energy boost with a ‘depolluted’ looking complexion focus.",
                    "de": "Energie-Boost mit Fokus auf ein ‘entlastet’ wirkendes Hautbild.",
                    "fr": "Coup d’énergie avec focus ‘teint dépollué’.",
                    "ru": "Энергия и акцент на «очищенный» вид кожи."
                },
                "content": {},
                "categoryId": "faceSothys",
                "hotelSlugs": [
                    "alba-resort",
                    "alba-royal",
                    "alba-queen",
                    "iberostar-bellevue"
                ],
                "price": 0,
                "currency": "EUR"
            },
            "sothys_glow_defense": {
                "id": "sothys_glow_defense",
                "slug": "sothys-glow-defense",
                "duration": 75,
                "name": {
                    "tr": "Glow Defense Yoğun Bakım",
                    "en": "Glow Defense Intensive Treatment",
                    "de": "Glow Defense Intensive Behandlung",
                    "fr": "Soin intensif Glow Defense",
                    "ru": "Glow Defense Интенсивный уход"
                },
                "desc": {
                    "tr": "Işıltı ve koruma odağı; şehir temposuna karşı bakım hissi.",
                    "en": "Glow + defense focus—ideal for urban life stressors.",
                    "de": "Glow + Schutz—ideal gegen urbane Stressfaktoren.",
                    "fr": "Éclat + protection—idéal face au stress urbain.",
                    "ru": "Сияние + защита — идеально при городской нагрузке."
                },
                "content": {},
                "categoryId": "faceSothys",
                "hotelSlugs": [
                    "alba-resort",
                    "alba-royal",
                    "alba-queen",
                    "iberostar-bellevue"
                ],
                "price": 0,
                "currency": "EUR"
            },
            "sothys_youth_intensive": {
                "id": "sothys_youth_intensive",
                "slug": "sothys-youth-intensive",
                "duration": 75,
                "name": {
                    "tr": "Youth Intensive (Gençlik Yoğun Bakım)",
                    "en": "Youth Intensive Treatment",
                    "de": "Youth Intensive Behandlung",
                    "fr": "Soin intensif Jeunesse",
                    "ru": "Youth Intensive — Интенсивный уход"
                },
                "desc": {
                    "tr": "Daha genç görünüm ve sıkılık hissi odaklı protokol.",
                    "en": "Expert protocol focused on a visibly younger look & firmness feel.",
                    "de": "Expertenprotokoll für sichtbar jüngeren Look & Festigkeit.",
                    "fr": "Protocole expert pour un effet jeunesse & fermeté.",
                    "ru": "Эксперт-протокол для более молодого вида и упругости."
                },
                "content": {},
                "categoryId": "faceSothys",
                "hotelSlugs": [
                    "alba-resort",
                    "alba-royal",
                    "alba-queen",
                    "iberostar-bellevue"
                ],
                "price": 0,
                "currency": "EUR"
            },
            "sothys_dermo_booster": {
                "id": "sothys_dermo_booster",
                "slug": "sothys-dermo-booster",
                "duration": 45,
                "name": {
                    "tr": "Dermo_Booster Double Peel (Çift Peeling)",
                    "en": "Dermo_Booster Double Peel Professional Treatment",
                    "de": "Dermo_Booster Double Peel Profi-Behandlung",
                    "fr": "Dermo_Booster Double Peel — Soin professionnel",
                    "ru": "Dermo_Booster Double Peel — Профессиональный уход"
                },
                "desc": {
                    "tr": "Enzim + asit peeling kombinasyonu (AHA/BHA/PHA).",
                    "en": "Enzymatic peel + acid peel combination (AHA/BHA/PHA).",
                    "de": "Enzympeeling + Säurepeeling (AHA/BHA/PHA).",
                    "fr": "Peeling enzymatique + peeling acide (AHA/BHA/PHA).",
                    "ru": "Ферментный + кислотный пилинг (AHA/BHA/PHA)."
                },
                "content": {},
                "categoryId": "faceSothys",
                "hotelSlugs": [
                    "alba-resort",
                    "alba-royal",
                    "alba-queen",
                    "iberostar-bellevue"
                ],
                "price": 0,
                "currency": "EUR"
            },
            "sothys_glysalac": {
                "id": "sothys_glysalac",
                "slug": "sothys-glysalac",
                "duration": 45,
                "name": {
                    "tr": "Glysalac Pro Peel",
                    "en": "Glysalac Pro Peel Treatment",
                    "de": "Glysalac Pro Peel Behandlung",
                    "fr": "Glysalac Pro Peel",
                    "ru": "Glysalac Pro Peel"
                },
                "desc": {
                    "tr": "Daha pürüzsüz doku ve daha aydınlık görünüm (normal/karma).",
                    "en": "Refines texture & brightens (normal/combination skin).",
                    "de": "Verfeinert & hellt auf (normale/mischhaut).",
                    "fr": "Affiner & illuminer (peau normale/mixte).",
                    "ru": "Выравнивает текстуру и придает сияние (норм./комб.)."
                },
                "content": {},
                "categoryId": "faceSothys",
                "hotelSlugs": [
                    "alba-resort",
                    "alba-royal",
                    "alba-queen",
                    "iberostar-bellevue"
                ],
                "price": 0,
                "currency": "EUR"
            },
            "sothys_resurfacing": {
                "id": "sothys_resurfacing",
                "slug": "sothys-resurfacing",
                "duration": 60,
                "name": {
                    "tr": "Professional Resurfacing Peel (Yenileyici Peeling)",
                    "en": "Professional Resurfacing Peel Treatment",
                    "de": "Professional Resurfacing Peel Behandlung",
                    "fr": "Soin peeling resurfaçant professionnel",
                    "ru": "Профессиональный Resurfacing Peel"
                },
                "desc": {
                    "tr": "Peel + mikrodermabrazyon yaklaşımı; daha net ve aydınlık görünüm.",
                    "en": "Peel + microdermabrasion approach for renewed-looking skin.",
                    "de": "Peel + Mikrodermabrasion für erneuert wirkende Haut.",
                    "fr": "Peeling + microdermabrasion pour une peau renouvelée.",
                    "ru": "Пилинг + микродермабразия для обновленного вида кожи."
                },
                "content": {},
                "categoryId": "faceSothys",
                "hotelSlugs": [
                    "alba-resort",
                    "alba-royal",
                    "alba-queen",
                    "iberostar-bellevue"
                ],
                "price": 0,
                "currency": "EUR"
            }
        },
        "booking": {
            "translations": {
                "tr": {
                    "title": "Rezervasyon Formu",
                    "description": "Lütfen aşağıdaki formu doldurarak rezervasyon talebinizi iletin. Ekibimiz en kısa sürede sizinle iletişime geçecektir.",
                    "fields": {
                        "hotel": "Otel Seçiniz",
                        "service": "Hizmet",
                        "date": "Tarih",
                        "time": "Saat",
                        "guests": "Kişi Sayısı",
                        "name": "Ad Soyad",
                        "phone": "Telefon",
                        "email": "E-posta (isteğe bağlı)",
                        "room": "Oda Numarası (isteğe bağlı)",
                        "notes": "Notlar (sağlık, hamilelik, özel istekler)",
                        "agree_privacy": "KVKK ve Gizlilik Politikasını kabul ediyorum.",
                        "agree_cancel": "İptal ve erteleme koşullarını okudum, onaylıyorum."
                    },
                    "buttons": {
                        "submit": "Rezervasyonu Gönder",
                        "whatsapp": "WhatsApp ile Hızlı Rezervasyon"
                    },
                    "whatsapp_template": "Merhaba, {otel} için {hizmet} rezervasyonu yapmak istiyorum. Tarih: {tarih}, Saat: {saat}, Kişi: {kisi}. İsim: {isim}."
                },
                "en": {
                    "title": "Booking Form",
                    "description": "Please fill out the form below to send your reservation request. Our team will contact you shortly.",
                    "fields": {
                        "hotel": "Select Hotel",
                        "service": "Service",
                        "date": "Date",
                        "time": "Time",
                        "guests": "Number of Guests",
                        "name": "Full Name",
                        "phone": "Phone",
                        "email": "Email (optional)",
                        "room": "Room Number (optional)",
                        "notes": "Notes (health, pregnancy, special requests)",
                        "agree_privacy": "I accept the Privacy Policy.",
                        "agree_cancel": "I have read and accept the cancellation terms."
                    },
                    "buttons": {
                        "submit": "Submit Booking",
                        "whatsapp": "Book via WhatsApp"
                    },
                    "whatsapp_template": "Hello, I would like to book {service} at {hotel}. Date: {date}, Time: {time}, Guests: {guests}. Name: {name}."
                },
                "de": {
                    "title": "Reservierungsformular",
                    "description": "Bitte füllen Sie das folgende Formular aus, um Ihre Reservierungsanfrage zu senden. Unser Team wird sich bald mit Ihnen in Verbindung setzen.",
                    "fields": {
                        "hotel": "Hotel auswählen",
                        "service": "Dienstleistung",
                        "date": "Datum",
                        "time": "Uhrzeit",
                        "guests": "Anzahl der Personen",
                        "name": "Vollständiger Name",
                        "phone": "Telefon",
                        "email": "E-Mail (optional)",
                        "room": "Zimmernummer (optional)",
                        "notes": "Notizen (Gesundheit, Schwangerschaft, Sonderwünsche)",
                        "agree_privacy": "Ich akzeptiere die Datenschutzrichtlinie.",
                        "agree_cancel": "Ich habe die Stornierungsbedingungen gelesen und akzeptiere sie."
                    },
                    "buttons": {
                        "submit": "Reservierung senden",
                        "whatsapp": "Über WhatsApp buchen"
                    },
                    "whatsapp_template": "Hallo, ich möchte {service} im {hotel} buchen. Datum: {date}, Uhrzeit: {time}, Personen: {guests}. Name: {name}."
                },
                "fr": {
                    "title": "Formulaire de réservation",
                    "description": "Veuillez remplir le formulaire ci-dessous pour envoyer votre demande de réservation. Notre équipe vous contactera sous peu.",
                    "fields": {
                        "hotel": "Sélectionnez un hôtel",
                        "service": "Service",
                        "date": "Date",
                        "time": "Heure",
                        "guests": "Nombre de personnes",
                        "name": "Nom complet",
                        "phone": "Téléphone",
                        "email": "E-mail (facultatif)",
                        "room": "Numéro de chambre (facultatif)",
                        "notes": "Remarques (santé, grossesse, demandes spéciales)",
                        "agree_privacy": "J’accepte la politique de confidentialité.",
                        "agree_cancel": "J’ai lu et j’accepte les conditions d’annulation."
                    },
                    "buttons": {
                        "submit": "Envoyer la réservation",
                        "whatsapp": "Réserver via WhatsApp"
                    },
                    "whatsapp_template": "Bonjour, je souhaite réserver {service} à {hotel}. Date : {date}, Heure : {time}, Personnes : {guests}. Nom : {name}."
                },
                "ru": {
                    "title": "Форма бронирования",
                    "description": "Пожалуйста, заполните форму ниже, чтобы отправить запрос на бронирование. Наша команда свяжется с вами в ближайшее время.",
                    "fields": {
                        "hotel": "Выберите отель",
                        "service": "Услуга",
                        "date": "Дата",
                        "time": "Время",
                        "guests": "Количество человек",
                        "name": "Имя и фамилия",
                        "phone": "Телефон",
                        "email": "Электронная почта (необязательно)",
                        "room": "Номер комнаты (необязательно)",
                        "notes": "Комментарии (здоровье, беременность, особые пожелания)",
                        "agree_privacy": "Я принимаю политику конфиденциальности.",
                        "agree_cancel": "Я прочитал(а) и принимаю условия отмены."
                    },
                    "buttons": {
                        "submit": "Отправить бронирование",
                        "whatsapp": "Бронировать через WhatsApp"
                    },
                    "whatsapp_template": "Здравствуйте, хочу забронировать {service} в {hotel}. Дата: {date}, Время: {time}, Гости: {guests}. Имя: {name}."
                }
            }
        }
    },
    "tr": {
        "nav": {
            "home": "Anasayfa",
            "hammam": "Hamam Ritüelleri",
            "massages": "Masajlar",
            "classicMassages": "Klasik Masajlar",
            "sportsTherapy": "Spor & Terapi",
            "asianMassages": "Asya Masajları",
            "ayurveda": "Ayurveda",
            "signatureCouples": "İmza & Çift",
            "kidsFamily": "Çocuk & Aile",
            "faceSothys": "Cilt Bakımı (Sothys)",
            "products": "Ürünler",
            "about": "Hakkımızda",
            "team": "Ekibimiz",
            "bookingWhatsapp": "Rezervasyon"
        },
        "ui": {
            "networkAll": "Network (Tüm Oteller)",
            "networkMode": "Network Modu",
            "selectHotel": "Otel Seçin",
            "selectLanguage": "Dil",
            "filterAll": "Tümü",
            "filterTopPicks": "Öne Çıkanlar",
            "pickCategory": "Kategori Seçin",
            "serviceCount": "{n} Hizmet",
            "topPicksHint": "Bu oteldeki en popüler hizmetler.",
            "availableTodayDemo": "Bugün müsait",
            "resultsAreEstimates": "Fiyatlar ve süreler otel/sezon bazlı değişebilir.",
            "today": "Bugün",
            "dur30": "30 dk",
            "dur60": "60 dk",
            "activeFilters": "Aktif Filtreler",
            "clearFilters": "Temizle",
            "noServicesFound": "Hizmet bulunamadı.",
            "durationMin": "{n} dk",
            "priceTime": "Ortalama",
            "copied": "Kopyalandı"
        },
        "hero": {
            "title": "Santis Club Spa & Wellness",
            "subtitle": "Bedeninizi ve ruhunuzu yenileyin. {location}",
            "locationDefault": "Türkiye'nin seçkin otellerinde."
        },
        "sections": {
            "topPicks": "Öne Çıkanlar",
            "categoriesHotel": "Kategoriler (Bu Otel)",
            "categoriesNetwork": "Kategoriler (Tüm Ağ)",
            "categoryCardTitleHotel": "Hizmet Kategorileri",
            "categoryCardTitleNetwork": "Hizmet Kategorileri (Genel)",
            "categoryCardSubtitleHotel": "Bu otelde sunulan hizmet grupları.",
            "categoryCardSubtitleNetwork": "Tüm şubelerimizdeki genel hizmet grupları.",
            "serviceResults": "Hizmet Listesi",
            "serviceResultsHotel": "Hizmetler",
            "partnerHotels": "Partner Otellerimiz"
        },
        "cta": {
            "book": "Rezervasyon",
            "details": "Detay"
        },
        "categories": {
            "hammamDesc": "Geleneksel arınma ve yenilenme ritüelleri.",
            "massagesDesc": "Klasik, terapi ve dünya masajları.",
            "classicDesc": "Klasik masaj teknikleri ile rahatlama.",
            "sportsDesc": "Spor ve terapi masajları ile yenilenme.",
            "asianDesc": "Uzakdoğu masaj gelenekleri ve teknikleri.",
            "ayurvedaDesc": "Denge ve canlılık için Ayurveda ritüelleri.",
            "signatureDesc": "Size özel imza deneyimler ve çift paketleri.",
            "kidsDesc": "Aile dostu spa ve çocuk bakımları.",
            "faceDesc": "Face – Sothys Paris profesyonel cilt bakımı.",
            "productsDesc": "Spa ürünleri, yağlar ve evde devam ürünleri."
        },
        "services": {
            "hammam_ritual": {
                "name": "Geleneksel Hamam Ritüeli",
                "desc": "Kese ve köpük ile tam arınma."
            },
            "couples_signature": {
                "name": "Signature Couples Masajı",
                "desc": "Çiftlere özel VIP odada masaj keyfi."
            },
            "deep_tissue": {
                "name": "Deep Tissue / Spor Masajı",
                "desc": "Derin doku baskılı , kas açıcı masaj."
            }
        }
    },
    "en": {
        "nav": {
            "home": "Home",
            "hammam": "Hammam Rituals",
            "massages": "Massages",
            "classicMassages": "Classic Massages",
            "sportsTherapy": "Sports & Therapy",
            "asianMassages": "Asian Massages",
            "ayurveda": "Ayurveda",
            "signatureCouples": "Signature & Couples",
            "kidsFamily": "Kids & Family",
            "faceSothys": "Face Care (Sothys)",
            "products": "Products",
            "about": "About Us",
            "team": "Team",
            "bookingWhatsapp": "Book Now"
        },
        "ui": {
            "networkAll": "Network (All Hotels)",
            "networkMode": "Network Mode",
            "selectHotel": "Select Hotel",
            "selectLanguage": "Language",
            "filterAll": "All",
            "filterTopPicks": "Top Picks",
            "pickCategory": "Select Category",
            "serviceCount": "{n} Services",
            "topPicksHint": "The most popular services at this hotel.",
            "availableTodayDemo": "Available today",
            "resultsAreEstimates": "Prices and durations may vary by hotel/season.",
            "today": "Today",
            "dur30": "30 min",
            "dur60": "60 min",
            "activeFilters": "Active Filters",
            "clearFilters": "Clear",
            "noServicesFound": "No services found.",
            "durationMin": "{n} min",
            "priceTime": "Average",
            "copied": "Copied"
        },
        "hero": {
            "title": "Santis Club Spa & Wellness",
            "subtitle": "Renew your body and mind. {location}",
            "locationDefault": "At Turkey’s selected hotels."
        },
        "sections": {
            "topPicks": "Top Picks",
            "categoriesHotel": "Categories (This Hotel)",
            "categoriesNetwork": "Categories (All Network)",
            "categoryCardTitleHotel": "Service Categories",
            "categoryCardTitleNetwork": "Service Categories (General)",
            "categoryCardSubtitleHotel": "Service groups offered at this hotel.",
            "categoryCardSubtitleNetwork": "General service groups across all branches.",
            "serviceResults": "Service List",
            "serviceResultsHotel": "Services",
            "partnerHotels": "Our Partner Hotels"
        },
        "cta": {
            "book": "Book",
            "details": "Details"
        },
        "categories": {
            "hammamDesc": "Traditional cleansing and renewal rituals.",
            "massagesDesc": "Classic, therapy and world massages.",
            "classicDesc": "Classic massage techniques for relaxation.",
            "sportsDesc": "Sports and therapeutic massages for recovery.",
            "asianDesc": "Far Eastern massage traditions and techniques.",
            "ayurvedaDesc": "Ayurvedic rituals for balance and vitality.",
            "signatureDesc": "Signature experiences and couples packages.",
            "kidsDesc": "Family-friendly spa and kids treatments.",
            "faceDesc": "Professional face care by Sothys Paris.",
            "productsDesc": "Spa products, oils and home-care items."
        },
        "services": {
            "hammam_ritual": {
                "name": "Traditional Hammam Ritual",
                "desc": "Full cleansing with exfoliation and foam."
            },
            "couples_signature": {
                "name": "Signature Couples Massage",
                "desc": "A couples massage in a private VIP room."
            },
            "deep_tissue": {
                "name": "Deep Tissue / Sports Massage",
                "desc": "Deep-pressure massage to release muscles."
            }
        }
    },
    "de": {
        "nav": {
            "home": "Startseite",
            "hammam": "Hammam-Rituale",
            "massages": "Massagen",
            "classicMassages": "Klassische Massagen",
            "sportsTherapy": "Sport & Therapie",
            "asianMassages": "Asiatische Massagen",
            "ayurveda": "Ayurveda",
            "signatureCouples": "Signature & Paare",
            "kidsFamily": "Kinder & Familie",
            "faceSothys": "Gesichtspflege (Sothys)",
            "products": "Produkte",
            "about": "Über uns",
            "team": "Team",
            "bookingWhatsapp": "Reservieren"
        },
        "ui": {
            "selectHotel": "Hotel auswählen",
            "selectLanguage": "Sprache",
            "filterAll": "Alle",
            "filterTopPicks": "Highlights",
            "pickCategory": "Kategorie wählen",
            "serviceCount": "{n} Services",
            "topPicksHint": "Die beliebtesten Services in diesem Hotel.",
            "availableTodayDemo": "Heute verfügbar",
            "resultsAreEstimates": "Preise und Dauer können je nach Hotel/Saison variieren.",
            "today": "Heute",
            "dur30": "30 Min.",
            "dur60": "60 Min.",
            "activeFilters": "Aktive Filter",
            "clearFilters": "Zurücksetzen",
            "noServicesFound": "Keine Services gefunden.",
            "durationMin": "{n} Min.",
            "priceTime": "Durchschnitt",
            "copied": "Kopiert"
        },
        "hero": {
            "title": "Santis Club Spa & Wellness",
            "subtitle": "Erneuern Sie Körper und Geist. {location}",
            "locationDefault": "In ausgewählten Hotels der Türkei."
        },
        "sections": {
            "topPicks": "Highlights",
            "categoriesHotel": "Kategorien (Dieses Hotel)",
            "categoriesNetwork": "Kategorien (Gesamtes Netzwerk)",
            "categoryCardTitleHotel": "Service-Kategorien",
            "categoryCardTitleNetwork": "Service-Kategorien (Allgemein)",
            "categoryCardSubtitleHotel": "Service-Gruppen in diesem Hotel.",
            "categoryCardSubtitleNetwork": "Allgemeine Service-Gruppen in allen Standorten.",
            "serviceResults": "Service-Liste",
            "serviceResultsHotel": "Services",
            "partnerHotels": "Unsere Partnerhotels"
        },
        "cta": {
            "book": "Reservieren",
            "details": "Details"
        },
        "categories": {
            "hammamDesc": "Traditionelle Reinigungs- und Erneuerungsrituale.",
            "massagesDesc": "Klassische, Therapie- und Weltmassagen.",
            "classicDesc": "Klassische Massagetechniken zur Entspannung.",
            "sportsDesc": "Sport- und therapeutische Massagen zur Regeneration.",
            "asianDesc": "Fernöstliche Massage-Traditionen und Techniken.",
            "ayurvedaDesc": "Ayurvedische Rituale für Balance und Vitalität.",
            "signatureDesc": "Signature-Erlebnisse und Paarpakete.",
            "kidsDesc": "Familienfreundliche Spa- und Kinderanwendungen.",
            "faceDesc": "Professionelle Gesichtspflege von Sothys Paris.",
            "productsDesc": "Spa-Produkte, Öle und Home-Care."
        },
        "services": {
            "hammam_ritual": {
                "name": "Traditionelles Hammam-Ritual",
                "desc": "Komplette Reinigung mit Peeling und Schaum."
            },
            "couples_signature": {
                "name": "Signature-Paarmassage",
                "desc": "Paarmassage in einem privaten VIP-Raum."
            },
            "deep_tissue": {
                "name": "Deep Tissue / Sportmassage",
                "desc": "Tiefdruckmassage zur Muskelentspannung."
            }
        }
    },
    "fr": {
        "nav": {
            "home": "Accueil",
            "hammam": "Rituels Hammam",
            "massages": "Massages",
            "classicMassages": "Massages classiques",
            "sportsTherapy": "Sport & Thérapie",
            "asianMassages": "Massages asiatiques",
            "ayurveda": "Ayurveda",
            "signatureCouples": "Signature & Couples",
            "kidsFamily": "Enfants & Famille",
            "faceSothys": "Soin du visage (Sothys)",
            "products": "Produits",
            "about": "À propos",
            "team": "Équipe",
            "bookingWhatsapp": "Réserver"
        },
        "ui": {
            "selectHotel": "Choisir l’hôtel",
            "selectLanguage": "Langue",
            "filterAll": "Tous",
            "filterTopPicks": "Sélection",
            "pickCategory": "Choisir une catégorie",
            "serviceCount": "{n} services",
            "topPicksHint": "Les services les plus populaires dans cet hôtel.",
            "availableTodayDemo": "Disponible aujourd’hui",
            "resultsAreEstimates": "Les prix et durées peuvent varier selon l’hôtel/la saison.",
            "today": "Aujourd’hui",
            "dur30": "30 min",
            "dur60": "60 min",
            "activeFilters": "Filtres actifs",
            "clearFilters": "Effacer",
            "noServicesFound": "Aucun service trouvé.",
            "durationMin": "{n} min",
            "priceTime": "Moyenne",
            "copied": "Copié"
        },
        "hero": {
            "title": "Santis Club Spa & Wellness",
            "subtitle": "Ressourcez votre corps et votre esprit. {location}",
            "locationDefault": "Dans une sélection d’hôtels en Turquie."
        },
        "sections": {
            "topPicks": "Sélection",
            "categoriesHotel": "Catégories (Cet hôtel)",
            "categoriesNetwork": "Catégories (Tout le réseau)",
            "categoryCardTitleHotel": "Catégories de services",
            "categoryCardTitleNetwork": "Catégories de services (Général)",
            "categoryCardSubtitleHotel": "Groupes de services proposés dans cet hôtel.",
            "categoryCardSubtitleNetwork": "Groupes de services généraux dans toutes nos adresses.",
            "serviceResults": "Liste des services",
            "serviceResultsHotel": "Services",
            "partnerHotels": "Nos hôtels partenaires"
        },
        "cta": {
            "book": "Réserver",
            "details": "Détails"
        },
        "categories": {
            "hammamDesc": "Rituels traditionnels de purification et de renouveau.",
            "massagesDesc": "Massages classiques, thérapeutiques et du monde.",
            "classicDesc": "Techniques classiques pour la détente.",
            "sportsDesc": "Massages sportifs et thérapeutiques pour la récupération.",
            "asianDesc": "Traditions et techniques de massage d’Extrême-Orient.",
            "ayurvedaDesc": "Rituels ayurvédiques pour l’équilibre et la vitalité.",
            "signatureDesc": "Expériences signature et formules couples.",
            "kidsDesc": "Spa familial et soins pour enfants.",
            "faceDesc": "Soin du visage professionnel Sothys Paris.",
            "productsDesc": "Produits spa, huiles et soins à domicile."
        },
        "services": {
            "hammam_ritual": {
                "name": "Rituel Hammam traditionnel",
                "desc": "Purification complète avec gommage et mousse."
            },
            "couples_signature": {
                "name": "Massage Signature Couples",
                "desc": "Massage en duo dans une salle VIP privée."
            },
            "deep_tissue": {
                "name": "Deep Tissue / Massage sportif",
                "desc": "Pression profonde pour relâcher les muscles."
            }
        }
    },
    "ru": {
        "nav": {
            "home": "Главная",
            "hammam": "Ритуалы хаммама",
            "massages": "Массажи",
            "classicMassages": "Классические массажи",
            "sportsTherapy": "Спорт и терапия",
            "asianMassages": "Азиатские массажи",
            "ayurveda": "Аюрведа",
            "signatureCouples": "Signature и для пар",
            "kidsFamily": "Дети и семья",
            "faceSothys": "Уход за лицом (Sothys)",
            "products": "Продукты",
            "about": "О нас",
            "team": "Команда",
            "bookingWhatsapp": "Записаться"
        },
        "ui": {
            "selectHotel": "Выберите отель",
            "selectLanguage": "Язык",
            "filterAll": "Все",
            "filterTopPicks": "Рекомендовано",
            "pickCategory": "Выберите категорию",
            "serviceCount": "{n} услуг(и)",
            "topPicksHint": "Самые популярные услуги в этом отеле.",
            "availableTodayDemo": "Доступно сегодня",
            "resultsAreEstimates": "Цены и длительность могут меняться в зависимости от отеля/сезона.",
            "today": "Сегодня",
            "dur30": "30 мин",
            "dur60": "60 мин",
            "activeFilters": "Активные фильтры",
            "clearFilters": "Сбросить",
            "noServicesFound": "Услуги не найдены.",
            "durationMin": "{n} мин",
            "priceTime": "В среднем",
            "copied": "Скопировано"
        },
        "hero": {
            "title": "Santis Club Spa & Wellness",
            "subtitle": "Обновите тело и разум. {location}",
            "locationDefault": "В лучших отелях Турции."
        },
        "sections": {
            "topPicks": "Рекомендовано",
            "categoriesHotel": "Категории (Этот отель)",
            "categoriesNetwork": "Категории (Вся сеть)",
            "categoryCardTitleHotel": "Категории услуг",
            "categoryCardTitleNetwork": "Категории услуг (Общее)",
            "categoryCardSubtitleHotel": "Группы услуг в этом отеле.",
            "categoryCardSubtitleNetwork": "Общие группы услуг во всех филиалах.",
            "serviceResults": "Список услуг",
            "serviceResultsHotel": "Услуги",
            "partnerHotels": "Наши партнерские отели"
        },
        "cta": {
            "book": "Записаться",
            "details": "Подробнее"
        },
        "categories": {
            "hammamDesc": "Традиционные ритуалы очищения и обновления.",
            "massagesDesc": "Классические, терапевтические и мировые массажи.",
            "classicDesc": "Классические техники для расслабления.",
            "sportsDesc": "Спортивные и терапевтические массажи для восстановления.",
            "asianDesc": "Дальневосточные традиции и техники массажа.",
            "ayurvedaDesc": "Аюрведические ритуалы для баланса и энергии.",
            "signatureDesc": "Фирменные программы и пакеты для пар.",
            "kidsDesc": "Спа для всей семьи и процедуры для детей.",
            "faceDesc": "Профессиональный уход за лицом Sothys Paris.",
            "productsDesc": "Спа-продукты, масла и домашний уход."
        },
        "services": {
            "hammam_ritual": {
                "name": "Традиционный ритуал хаммама",
                "desc": "Полное очищение с пилингом и пеной."
            },
            "couples_signature": {
                "name": "Signature массаж для пар",
                "desc": "Массаж для двоих в приватной VIP-комнате."
            },
            "deep_tissue": {
                "name": "Deep Tissue / Спортивный массаж",
                "desc": "Глубокое воздействие для расслабления мышц."
            }
        }
    }
}